2105F2001,2012F2006
2105F2002,2012F2007
2105F2003,2012F2002
2105F2004,2012F2004
2105F3002,2012F3003
2105F4001,2012F4007
2105F4004,2012F4005
2105F4007,2012F4004
2105F4008,2012F4009
2105F4009,2012F4003
2105F4013,2010F4003
2105F5002,2012F5002
2105F5003,2012F5005
2105F5004,2010F5003
2105M2005,2012M2006
2105M3001,2012M3010
2105M3003,2012M3004
2105M3004,2010M3005
2105M3005,2010M3002
2105M4002,2012M4005
2105M4003,2012M4001
2105M4005,2012M4007
2105M4006,2012M4003
2105M4010,2010M4002
2105F4011,2010F4006
2105M4012,2012M4009
2105M5001,2012M5002
2105M5005,2010M5002
2105M6001,2012M6001
